{
	"areaOfFormation": [
		{ "value": "010", "label": "Programas de base" },
		{ "value": "080", "label": "Alfabetização" },
		{ "value": "090", "label": "Desenvolvimento pessoal" },
		{ "value": "140", "label": "Formação de professores/formadores e ciências da educação" },
		{ "value": "142", "label": "Ciências da educação" },
		{ "value": "143", "label": "Formação de educadores de infância" },
		{ "value": "144", "label": "Formação de professores do ensino básico (1.o e 2. o ciclos)" },
		{ "value": "145", "label": "Formação de professores de áreas disciplinares específicas" },
		{ "value": "146", "label": "Formação de professores e formadores de áreas tecnológicas" },
		{ "value": "149", "label": "Formação de professores/formadores e ciências da educação — programas não classificados noutra área de formação" },
		{ "value": "210", "label": "Artes" },
		{ "value": "211", "label": "Belas-artes" },
		{ "value": "212", "label": "Artes do espectáculo" },
		{ "value": "213", "label": "Áudio-visuais e produção dos media" },
		{ "value": "214", "label": "Design" },
		{ "value": "215", "label": "Artesanato" },
		{ "value": "219", "label": "Artes — programas não classificados noutra área de formação" },
		{ "value": "220", "label": "Humanidades" },
		{ "value": "221", "label": "Religião e teologia" },
		{ "value": "222", "label": "Línguas e literaturas estrangeiras" },
		{ "value": "223", "label": "Língua e literatura materna" },
		{ "value": "225", "label": "História e arqueologia" },
		{ "value": "226", "label": "Filosofia e ética" },
		{ "value": "229", "label": "Humanidades — programas não classificados noutra área de formação" },
		{ "value": "310", "label": "Ciências sociais e do comportamento" },
		{ "value": "311", "label": "Psicologia" },
		{ "value": "312", "label": "Sociologia e outros estudos" },
		{ "value": "313", "label": "Ciência política e cidadania" },
		{ "value": "314", "label": "Economia" },
		{ "value": "319", "label": "Ciências sociais e do comportamento — programas não classificados noutra área de formação" },
		{ "value": "320", "label": "Informação e jornalismo" },
		{ "value": "321", "label": "Jornalismo e reportagem" },
		{ "value": "322", "label": "Biblioteconomia, arquivo e documentação (BAD)" },
		{ "value": "329", "label": "Informação e jornalismo — programas não classificados noutra área de formação" },
		{ "value": "340", "label": "Ciências empresariais" },
		{ "value": "341", "label": "Comércio" },
		{ "value": "342", "label": "Marketing e publicidade" },
		{ "value": "343", "label": "Finanças, banca e seguros" },
		{ "value": "344", "label": "Contabilidade e fiscalidade" },
		{ "value": "345", "label": "Gestão e administração" },
		{ "value": "346", "label": "Secretariado e trabalho administrativo" },
		{ "value": "347", "label": "Enquadramento na organização/empresa" },
		{ "value": "349", "label": "Ciências empresariais — programas não classificados noutra área de formação" },
		{ "value": "380", "label": "Direito" },
		{ "value": "420", "label": "Ciências da vida" },
		{ "value": "421", "label": "Biologia e bioquímica" },
		{ "value": "422", "label": "Ciências do ambiente" },
		{ "value": "429", "label": "Ciências da vida — programas não classificados noutra área de formação" },
		{ "value": "440", "label": "Ciências físicas" },
		{ "value": "441", "label": "Física" },
		{ "value": "442", "label": "Química" },
		{ "value": "443", "label": "Ciências da terra" },
		{ "value": "449", "label": "Ciências físicas — programas não classificados noutra área de formação" },
		{ "value": "460", "label": "Matemática e estatística" },
		{ "value": "461", "label": "Matemática" },
		{ "value": "462", "label": "Estatística" },
		{ "value": "469", "label": "Matemática e estatística — programas não classificados noutra área de formação" },
		{ "value": "480", "label": "Informática" },
		{ "value": "481", "label": "Ciências informáticas" },
		{ "value": "482", "label": "Informática na óptica do utilizador" },
		{ "value": "489", "label": "Informática — programas não classificados noutra área de formação" },
		{ "value": "520", "label": "Engenharia e técnicas afins" },
		{ "value": "521", "label": "Metalurgia e metalomecânica" },
		{ "value": "522", "label": "Electricidade e energia" },
		{ "value": "523", "label": "Electrónica e automação" },
		{ "value": "524", "label": "Tecnologia dos processos químicos" },
		{ "value": "525", "label": "Construção e reparação de veículos a motor" },
		{ "value": "529", "label": "Engenharia e técnicas afins — programas não classificados noutra área de formação" },
		{ "value": "540", "label": "Indústrias transformadoras" },
		{ "value": "541", "label": "Indústrias alimentares" },
		{ "value": "542", "label": "Indústrias do têxtil, vestuário, calçado e couro" },
		{ "value": "543", "label": "Materiais (indústrias da madeira, cortiça, papel, plástico, vidro e outros)" },
		{ "value": "544", "label": "Indústrias extractivas" },
		{ "value": "549", "label": "Indústrias transformadoras — programas não classificados noutra área de formação" },
		{ "value": "580", "label": "Arquitectura e construção" },
		{ "value": "581", "label": "Arquitectura e urbanismo" },
		{ "value": "582", "label": "Construção civil e engenharia civil" },
		{ "value": "589", "label": "Arquitectura e construção — programas não classificados noutra área de formação" },
		{ "value": "620", "label": "Agricultura, silvicultura e pescas" },
		{ "value": "621", "label": "Produção agrícola e animal" },
		{ "value": "622", "label": "Floricultura e jardinagem" },
		{ "value": "623", "label": "Silvicultura e caça" },
		{ "value": "624", "label": "Pescas" },
		{ "value": "629", "label": "Agricultura, silvicultura e pescas — programas não classificados noutra área de formação" },
		{ "value": "640", "label": "Ciências veterinárias" },
		{ "value": "720", "label": "Saúde" },
		{ "value": "721", "label": "Medicina" },
		{ "value": "723", "label": "Enfermagem" },
		{ "value": "724", "label": "Ciências dentárias" },
		{ "value": "725", "label": "Tecnologias de diagnóstico e terapêutica" },
		{ "value": "726", "label": "Terapia e reabilitação" },
		{ "value": "727", "label": "Ciências farmacêuticas" },
		{ "value": "729", "label": "Saúde — programas não classificados noutra área de formação" },
		{ "value": "760", "label": "Serviços sociais" },
		{ "value": "761", "label": "Serviços de apoio a crianças e jovens" },
		{ "value": "762", "label": "Trabalho social e orientação" },
		{ "value": "769", "label": "Serviços sociais — programas não classificados noutra área de formação" },
		{ "value": "810", "label": "Serviços pessoais" },
		{ "value": "811", "label": "Hotelaria e restauração" },
		{ "value": "812", "label": "Turismo e lazer" },
		{ "value": "813", "label": "Desporto" },
		{ "value": "814", "label": "Serviços domésticos" },
		{ "value": "815", "label": "Cuidados de beleza" },
		{ "value": "819", "label": "Serviços pessoais — programas não classificados noutra área de formação" },
		{ "value": "840", "label": "Serviços de transporte" },
		{ "value": "850", "label": "Protecção do ambiente" },
		{ "value": "851", "label": "Tecnologia de protecção do ambiente" },
		{ "value": "852", "label": "Ambientes naturais e vida selvagem" },
		{ "value": "853", "label": "Serviços de saúde pública" },
		{ "value": "859", "label": "Protecção do ambiente — programas não classificados noutra área de formação" },
		{ "value": "860", "label": "Serviços de segurança" },
		{ "value": "861", "label": "Protecção de pessoas e bens" },
		{ "value": "862", "label": "Segurança e higiene no trabalho" },
		{ "value": "863", "label": "Segurança militar" },
		{ "value": "869", "label": "Serviços de segurança — programas não classificados noutra área de formação" },
		{ "value": "999", "label": "Desconhecido ou não especificado" }
	],
	"qualifications" : [
		{ "value": "high school", "label": "12º ano" },
		{ "value": "graduation", "label": "Licenciatura" },
		{ "value": "masters degree", "label": "Mestrado" },
		{ "value": "doctorate", "label": "Doutoramento" }
	],
	"documentOfIdentificationType" : [
		{ "value": "citizen card", "label": "Cartão de cidadão" },
		{ "value": "identity card", "label": "Bilhete de identidade" },
		{ "value": "residence permit", "label": "Título de Residência" },
		{ "value": "passport", "label": "Passaporte" }
	],
	"regime" : [
		{ "value": "intern", "label": "Interno" },
		{ "value": "extern", "label": "Externo" }
	],
	"sex" : [
		{ "value": "male", "label": "Masculino" },
		{ "value": "female", "label": "Feminino" }
	],
	"jobSituation" : [
		{ "value": "employee", "label": "Empregado" },
		{ "value": "unemployed", "label": "Desempregado" },
		{ "value": "student", "label": "Estudante" },
		{ "value": "trainee", "label": "Estagiário" }
	],
	"nationality" : [
		{ "value": "portugal", "label": "Portugal" },
		{ "value": "spain", "label": "Espanha" },
		{ "value": "france", "label": "França" },
		{ "value": "italy", "label": "Itália" }
	],
	"workingHours" : [
		{ "value": "10-13", "label": "10:00h-13:00h / 14:00h-17:00h" },
		{ "value": "08-12", "label": "08:00h-12:00h / 13:00h-15:00h" },
		{ "value": "17-20", "label": "17:00h-20:00h / 21:00h-00:00h" }
	],
	"evalScale" : [
		{ "value": "1-5", "label": "1-5" },
		{ "value": "1-100", "label": "1-100" },
		{ "value": "0-20", "label": "0-20" },
		{ "value": "attendance certificate", "label": "Certificado de Frequência" },
		{ "value": "skills validation", "label": "Validação de Competências" }
	],
	"levels" : [
		{ "value": 1, "label": "Nível 1" },
		{ "value": 2, "label": "Nível 2" },
		{ "value": 3, "label": "Nível 3" },
		{ "value": 4, "label": "Nível 4" },
		{ "value": 5, "label": "Nível 5" },
		{ "value": 6, "label": "Nível 6" },
		{ "value": 7, "label": "Nível 7" },
		{ "value": 8, "label": "Nível 8" }
	],
	"literaryQualifications" : [
		{ "value": "0", "label": "Alfabetizado" },
		{ "value": "1st", "label": "1º ano" },
		{ "value": "2nd", "label": "2º ano" },
		{ "value": "3rd", "label": "3º ano" },
		{ "value": "4th", "label": "4º ano" },
		{ "value": "5th", "label": "5º ano" },
		{ "value": "6th", "label": "6º ano" },
		{ "value": "7th", "label": "7º ano" },
		{ "value": "8th", "label": "8º ano" },
		{ "value": "9th", "label": "9º ano" },
		{ "value": "high school", "label": "12º ano" },
		{ "value": "graduation", "label": "Licenciatura" },
		{ "value": "masters degree", "label": "Mestrado" },
		{ "value": "doctorate", "label": "Doutoramento" }
	],
	"professionalQualifications" : [
		{ "value": "managers", "label": "Gestores" },
		{ "value": "professional initiation", "label": "Iniciação Profissional" },
		{ "value": "undifferentiated assets", "label": "Ativos Indiferenciados" },
		{ "value": "businessmen", "label": "Empresários" },
		{ "value": "technical staff 3", "label": "Quadros Técnicos - Nível 3" },
		{ "value": "technical staff 4", "label": "Quadros Técnicos - Nível 4" },
		{ "value": "technical staff 5", "label": "Quadros Técnicos - Nível 5" },
		{ "value": "semi-qualified assets", "label": "Ativos Semi-Qualificados" },
		{ "value": "specialized assets", "label": "Ativos Especializados" }
	],
	"typesOfRoom": [
		{ "value": "music", "label": "Musica" },
		{ "value": "other", "label": "Outra" }
	]
}
